name,rating,benefit_1,benefit_2,benefit_3,con_1,con_2,con_3,has_free_trial,summary
WidgetPro Solutions,9,Industry-leading durability with 10-year warranty,24/7 customer support with 99.9% satisfaction rate,Seamless integration with all major platforms,Higher price point than competitors,Learning curve for advanced features,Limited customization options for enterprise,true,"WidgetPro Solutions has been the gold standard in widget manufacturing since 2010. Their enterprise-grade widgets combine reliability with cutting-edge technology, making them the choice for Fortune 500 companies worldwide. While premium-priced, their support and warranty justify the investment."
BudgetWidgets Inc,6,Most affordable option on the market,Quick setup process under 10 minutes,Good for small-scale projects,Limited feature set compared to competitors,Email-only support with slow response times,Frequent bugs reported by users,true,"BudgetWidgets Inc targets cost-conscious buyers who need basic widget functionality. While they sacrifice advanced features and support quality, they deliver adequate performance for simple use cases. Best suited for small businesses or personal projects with minimal requirements."
MegaWidget Corp,8,Comprehensive feature set with monthly updates,Excellent API documentation and developer tools,Strong community with 50k+ active users,Occasional downtime during peak hours,Mobile app needs improvement,Pricing tiers can be confusing,false,"MegaWidget Corp strikes a balance between features and affordability. Their robust API and active developer community make them popular among technical teams. Recent infrastructure investments have improved reliability, though mobile experience still lags behind desktop."
NanoWidgets,7,Smallest footprint in the industry,Perfect for embedded systems and IoT,Low power consumption,Limited to specialized use cases,Sparse documentation,Small support team,true,"NanoWidgets specializes in micro-widget solutions for IoT and embedded applications. Their focus on efficiency and small form factor makes them ideal for hardware projects. However, their niche focus means fewer resources for general-purpose implementations."
EnterpriseWidget Systems,9,SOC2 and ISO certified security,Dedicated account manager for enterprise clients,Custom SLA agreements available,Expensive - starts at $10k/year,Overkill for small to medium businesses,Long contract terms required,false,"EnterpriseWidget Systems caters exclusively to large organizations with complex compliance needs. Their enterprise focus delivers unmatched security, support, and customization. Pricing reflects their premium positioning, making them unsuitable for smaller operations."
OpenWidget Foundation,7,100% open source with active contributors,No licensing fees or vendor lock-in,Highly customizable and extensible,Requires technical expertise to implement,No official support available,Documentation can be outdated,true,"OpenWidget Foundation offers a community-driven, open-source alternative to commercial solutions. Developers appreciate the transparency and flexibility, but non-technical users may struggle with setup and maintenance. Best for teams with in-house technical resources."
CloudWidget Plus,8,Fully managed cloud infrastructure,Auto-scaling handles traffic spikes,99.99% uptime SLA,Data sovereignty concerns for some regions,Monthly costs scale with usage,Migration can be complex,true,"CloudWidget Plus pioneered widget-as-a-service delivery. Their cloud-native architecture eliminates infrastructure headaches and scales automatically. Usage-based pricing is transparent but can become expensive for high-volume applications."
FastWidget Technologies,6,Fastest processing speed in benchmark tests,Optimized for real-time applications,Lightweight client libraries,Sacrifices features for performance,Limited third-party integrations,Steeper learning curve,false,"FastWidget Technologies obsesses over performance, delivering sub-millisecond response times. Their specialized focus on speed attracts real-time applications like trading platforms and gaming. Feature set is minimal by design, which may frustrate some users."
SecureWidget Solutions,8,Bank-level encryption and security,Regular penetration testing and audits,Compliance certifications for healthcare and finance,Performance overhead from security layers,Complex configuration process,Higher latency than competitors,true,"SecureWidget Solutions prioritizes security above all else. Ideal for regulated industries like healthcare and finance where compliance is critical. The security-first approach introduces some performance tradeoffs that may not suit all use cases."
FlexiWidget Co,7,Highly customizable with plugin architecture,Supports multiple programming languages,Active marketplace for extensions,Core features less polished than competitors,Marketplace quality varies widely,Can become bloated with too many plugins,true,"FlexiWidget Co built their platform around extensibility. Their plugin marketplace offers thousands of add-ons, though quality varies. Core functionality is solid but unremarkable - the value comes from customization potential for specific workflows."
GreenWidget Alliance,6,Carbon-neutral data centers,Sustainable manufacturing practices,Portion of profits fund environmental projects,Premium pricing for eco-conscious features,Smaller server network affects latency,Limited features compared to mainstream options,true,"GreenWidget Alliance targets environmentally conscious organizations. Their commitment to sustainability is genuine but comes with tradeoffs in pricing and performance. Good fit for brands prioritizing ESG goals over raw capabilities."
QuantumWidget Labs,5,Cutting-edge experimental features,Academic partnerships drive innovation,Free for educational use,Unstable - breaking changes common,Poor production readiness,Limited real-world case studies,true,"QuantumWidget Labs operates more like a research project than a product company. Their bleeding-edge features attract early adopters and academics, but frequent breaking changes make them risky for production environments. Best for experimentation."
SimpleWidget App,8,Easiest setup process - under 5 minutes,Beautiful intuitive user interface,Excellent mobile app experience,Limited advanced features for power users,No API access on lower tiers,Opinionated design limits customization,true,"SimpleWidget App proves that widgets don't have to be complicated. Their focus on user experience results in a polished, accessible product that non-technical users love. Power users may find the simplified approach constraining."
GlobalWidget Network,7,Data centers in 50+ countries,Multi-language support for 30+ languages,Local compliance expertise worldwide,Complex pricing across regions,Feature parity varies by location,Support quality inconsistent internationally,false,"GlobalWidget Network's international infrastructure makes them ideal for multi-national deployments. Their geographic reach is unmatched, though managing a global footprint introduces complexity in pricing and support consistency."
DevWidget Studio,9,Developer-first approach with excellent DX,Comprehensive SDK for all major languages,Generous free tier for development,Non-technical users find it intimidating,Limited GUI for configuration,Assumes high technical proficiency,true,"DevWidget Studio is built by developers for developers. Their API-first design and extensive documentation make integration a joy for technical teams. However, the lack of user-friendly interfaces makes them unsuitable for less technical organizations."
LegacyWidget Partners,5,30+ years of market presence,Maintains backwards compatibility religiously,Enterprise clients include major banks,Outdated user interface,Slow to adopt modern standards,Technical debt evident in performance,false,"LegacyWidget Partners built their reputation in the 1990s and haven't changed much since. Their stability and backwards compatibility attract risk-averse enterprises, but aging technology and UI make them less competitive against modern alternatives."
AIWidget Intelligence,7,ML-powered optimization and predictions,Automated anomaly detection,Smart recommendations for improvements,AI features require large datasets to be effective,Black box decision-making concerns,Higher computational costs,true,"AIWidget Intelligence integrates machine learning into core widget functionality. Their AI features provide genuine value for data-rich applications but require significant data volume to be effective. Organizations must weigh AI benefits against computational costs."
MicroWidget Services,6,Microservices architecture for flexibility,Pay only for features you use,Easy to scale individual components,Complexity of managing multiple services,Network latency between services,Debugging can be challenging,true,"MicroWidget Services embraces microservices architecture, offering flexibility to scale and pay for components independently. This approach works well for sophisticated teams but introduces operational complexity that smaller organizations may struggle to manage."
CommunityWidget Hub,8,Thriving community forums and support,Regular meetups and conferences,Extensive third-party tutorials and courses,Official documentation sometimes lacking,Reliance on community for problem-solving,Product roadmap influenced heavily by vocal users,true,"CommunityWidget Hub built their success on fostering an engaged user community. Their forums, events, and user-generated content create a supportive ecosystem. However, heavy reliance on community support means official resources can feel incomplete."
PremiumWidget Collective,9,White-glove onboarding and training,Custom feature development available,Quarterly business reviews with your team,Very expensive - $50k+ annual minimum,Long sales cycle and procurement process,Overkill unless you have complex requirements,false,"PremiumWidget Collective offers concierge-level service for elite clients. Their custom development and hands-on support justify premium pricing for organizations with complex needs. Smaller companies should look elsewhere unless budget is unlimited."